COD,ORIGEM,TEMA,SUBTEMA (OPCIONAL),FACILIDADE DE RESPOSTA,NECESSIDADE DE EQUIPAMENTO,TEMPO PARA RESPOSTA,VAMOS RESPONDER?,OBS,PROCEDIMENTOS METODOLÓGICOS,PROCEDIMENTO METODOLÓGICO INDICADO (Breve descrição)
"1","ASSOCIAÇÃO DOS MORADORES DO CONDOMÍNIO DE PROTEÇÃO AMBIENTAL JARDIM GRACIOSA","LEGISLAÇÕES","regularização fundiária rural e urbana","","","","SIM","","","CONTEUDO"
"2","ASSOCIAÇÃO DOS MORADORES DO CONDOMÍNIO DE PROTEÇÃO AMBIENTAL JARDIM GRACIOSA","LEGISLAÇÕES","regularização fundiária rural e urbana","","","","SIM","","","CONTEUDO"
"3","ASSOCIAÇÃO DOS MORADORES DO CONDOMÍNIO DE PROTEÇÃO AMBIENTAL JARDIM GRACIOSA","AMBIENTAL","APA","FÁCIL","","PONDERADO","SIM","","","Semelhante a pergunta 007. A pergunta já é a perícia em si. Possível responder com integração de dados em GIS."
"4","ASSOCIAÇÃO DOS MORADORES DO CONDOMÍNIO DE PROTEÇÃO AMBIENTAL JARDIM GRACIOSA","SOCIAL","","FÁCIL","NÃO HÁ NECESSIDADE DE EQUIPAMENTO","BREVE","SIM","","","Entrevista e levantamento de campo"
"5","ASSOCIAÇÃO DOS PROPRIETÁRIOS DO CONJUNTO RESIDENCIAL GRACIOSA - PARQUE DAS NASCENTES (APCRG) – PINHAIS – PARANÁ","LEGISLAÇÕES","APA, APP, NASCENTES ","","","","SIM","","","CONTEUDO / LEVANTAMENTO"
"6","ASSOCIAÇÃO DOS PROPRIETÁRIOS DO CONJUNTO RESIDENCIAL GRACIOSA - PARQUE DAS NASCENTES (APCRG) – PINHAIS – PARANÁ","AMBIENTAL","APP","MÉDIO","NÃO HÁ NECESSIDADE DE EQUIPAMENTO","PONDERADO","SIM","","","Semelhante a pergunta 021. Havendo as coordenadas da edificação e da área da APP (é necessário ter a localização dos corpos hídricos e nascentes) é possível apresentar o croqui por GIS."
"7","ASSOCIAÇÃO DOS PROPRIETÁRIOS DO CONJUNTO RESIDENCIAL GRACIOSA - PARQUE DAS NASCENTES (APCRG) – PINHAIS – PARANÁ","AMBIENTAL","APA","FÁCIL","NÃO HÁ NECESSIDADE DE EQUIPAMENTO","BREVE","SIM","","","Semelhante a pergunta 003. A pergunta já é a perícia em si. Possível responder com integração de dados em GIS."
"8","ASSOCIAÇÃO DOS PROPRIETÁRIOS DO CONJUNTO RESIDENCIAL GRACIOSA - PARQUE DAS NASCENTES (APCRG) – PINHAIS – PARANÁ","AMBIENTAL","NASCENTE","MÉDIO","","PONDERADO","SIM","","","Vinculada a indentificação das APPs."
"9","ASSOCIAÇÃO DOS PROPRIETÁRIOS DO CONJUNTO RESIDENCIAL GRACIOSA - PARQUE DAS NASCENTES (APCRG) – PINHAIS – PARANÁ","AMBIENTAL","DEGRADAÇÃO/RECUPERAÇÃO AMBIENTAL","MÉDIO","NÃO HÁ NECESSIDADE DE EQUIPAMENTO","PONDERADO","SIM","","",""
"10","ASSOCIAÇÃO DOS PROPRIETÁRIOS DO CONJUNTO RESIDENCIAL GRACIOSA - PARQUE DAS NASCENTES (APCRG) – PINHAIS – PARANÁ","AMBIENTAL","DEGRADAÇÃO/RECUPERAÇÃO AMBIENTAL","","","","NÃO SE APLICA","","",""
"11","ASSOCIAÇÃO DOS PROPRIETÁRIOS DO CONJUNTO RESIDENCIAL GRACIOSA - PARQUE DAS NASCENTES (APCRG) – PINHAIS – PARANÁ","AMBIENTAL","","","","","","","",""
"12","ASSOCIAÇÃO DOS PROPRIETÁRIOS DO CONJUNTO RESIDENCIAL GRACIOSA - PARQUE DAS NASCENTES (APCRG) – PINHAIS – PARANÁ","FUNDIÁRIA","","","","","","","",""
"13","ASSOCIAÇÃO DOS PROPRIETÁRIOS DO CONJUNTO RESIDENCIAL GRACIOSA - PARQUE DAS NASCENTES (APCRG) – PINHAIS – PARANÁ","FUNDIÁRIA","","","","","","","",""
"14","ASSOCIAÇÃO DOS PROPRIETÁRIOS DO CONJUNTO RESIDENCIAL GRACIOSA - PARQUE DAS NASCENTES (APCRG) – PINHAIS – PARANÁ","FUNDIÁRIA","","","","","","","",""
"15","ASSOCIAÇÃO DOS PROPRIETÁRIOS DO CONJUNTO RESIDENCIAL GRACIOSA - PARQUE DAS NASCENTES (APCRG) – PINHAIS – PARANÁ","FUNDIÁRIA","","","","","","","",""
"16","ASSOCIAÇÃO DOS PROPRIETÁRIOS DO CONJUNTO RESIDENCIAL GRACIOSA - PARQUE DAS NASCENTES (APCRG) – PINHAIS – PARANÁ","CARTOGRAFIA","LEVANTAMENTO HISTÓRICO","MÉDIO","NÃO HÁ NECESSIDADE DE EQUIPAMENTO","BREVE","DEPENDE DE FATORES EXTERNOS","","",""
"17","ASSOCIAÇÃO DOS PROPRIETÁRIOS DO CONJUNTO RESIDENCIAL GRACIOSA - PARQUE DAS NASCENTES (APCRG) – PINHAIS – PARANÁ","URBANÍSTICA","INFRAESTRUTURA","FÁCIL","NÃO HÁ NECESSIDADE DE EQUIPAMENTO","BREVE","DEPENDE DE FATORES EXTERNOS","","FONTE SECUNDÁRIAS EM DOCUMENTOS E PÁGINAS OFICIAIS",""
"18","EDSON LUIZ CORDEIRO","URBANÍSTICA","PARÂMETROS URBANISTÍCOS / ZONEAMENTO","FÁCIL","NÃO HÁ NECESSIDADE DE EQUIPAMENTO","BREVE","SIM","","LEVANTAMENTO DE CAMPO","Semelhante à questão 019 - se ela for respondida, essa estará incluída na resposta. A resposta pode ser obtida por meio de levantamento de campo e comparação das informações obtidas com a legislação."
"19","EDSON LUIZ CORDEIRO","URBANÍSTICA","PARÂMETROS URBANISTÍCOS / ZONEAMENTO","FÁCIL","NÃO HÁ NECESSIDADE DE EQUIPAMENTO","BREVE","SIM","","LEVANTAMENTO DE CAMPO","Abrange também a questão 018. A resposta pode ser obtida por meio de levantamento de campo e comparação das informações obtidas com a legislação."
"20","PREFEITURA DE PINHAIS","LEGISLAÇÕES","","","","","","Caso 4: outros casos/informações","",""
"21","EDSON LUIZ CORDEIRO","AMBIENTAL","APP","MÉDIO","NÃO HÁ NECESSIDADE DE EQUIPAMENTO","BREVE","SIM","","","Semelhante a pergunta 006. Havendo as coordenadas da edificação e da área da APP (é necessário ter a localização dos corpos hídricos e nascentes) é possível apresentar o croqui por GIS."
"22","PREFEITURA DE PINHAIS","AMBIENTAL","APA","FÁCIL","NÃO HÁ NECESSIDADE DE EQUIPAMENTO","PONDERADO","SIM","","","Semelhante a 075. Possível responder com integração de dados em GIS, necessita de dados (shape, raster) que indiquem corretamente a extensão das duas áreas. Delimitação da APA do Iraí vinculada ao decreto estadual nº 7.854/2024. Delimitação da UTP vinculada à Lei Municipal 2749/2022, que define Zoneamento, Uso e Ocupação do solo em Pinhais."
"23","PREFEITURA DE PINHAIS","AMBIENTAL","APP","MÉDIO","","BREVE","SIM","","","Semelhante perguntas 021 e 006. Não encontrei o anexo."
"24","EDSON LUIZ CORDEIRO","AMBIENTAL","CURSOS HIDRÍCOS","","","","SIM","","",""
"25","EDSON LUIZ CORDEIRO","LEGISLAÇÕES","","","","","DEPENDE DE FATORES EXTERNOS","","","CONTEUDO"
"26","EDSON LUIZ CORDEIRO","FUNDIÁRIA","","","","","","","",""
"27","EDSON LUIZ CORDEIRO","CARTOGRAFIA","","FÁCIL","","BREVE","","","",""
"28","PREFEITURA DE PINHAIS","AMBIENTAL","","","","","SIM","","",""
"29","PREFEITURA DE PINHAIS","AMBIENTAL","","","","","SIM","","",""
"30","PREFEITURA DE PINHAIS","AMBIENTAL","","","","","SIM","","",""
"31","PREFEITURA DE PINHAIS","AMBIENTAL","","","","","SIM","","",""
"32","PREFEITURA DE PINHAIS","AMBIENTAL","","","","","SIM","","",""
"33","PREFEITURA DE PINHAIS","AMBIENTAL","","","","","SIM","","",""
"34","PREFEITURA DE PINHAIS","AMBIENTAL","","","","","SIM","","",""
"35","PREFEITURA DE PINHAIS","AMBIENTAL","","","","","SIM","","",""
"36","PREFEITURA DE PINHAIS","AMBIENTAL","","","","","SIM","","",""
"37","PREFEITURA DE PINHAIS","AMBIENTAL","","","","","SIM","","",""
"38","PREFEITURA DE PINHAIS","AMBIENTAL","","","","","SIM","","",""
"39","PREFEITURA DE PINHAIS","SOCIAL","","","","","","","",""
"40","PREFEITURA DE PINHAIS","SOCIAL","","","","","","","",""
"41","PREFEITURA DE PINHAIS","URBANÍSTICA","EDIFICAÇÕES","MÉDIO","EXISTE A NECESSIDADE DE EQUIPAMENTO, MAS POSSUÍMOS O EQUIPAMENTO","PONDERADO","DEPENDE DE FATORES EXTERNOS","","LEVANTAMENTO DE CAMPO","Não encontrei a planta anexa. É possível realizar um levantamento ou conferência de levantamento de edificações com os respectivos usos por meio de levantamento in loco, com marcação de pontos georreferenciados, ou com base em desenho prévio baseado em imagem aérea."
"42","PREFEITURA DE PINHAIS","URBANÍSTICA","EDIFICAÇÕES","MÉDIO","EXISTE A NECESSIDADE DE EQUIPAMENTO, MAS POSSUÍMOS O EQUIPAMENTO","PONDERADO","DEPENDE DE FATORES EXTERNOS","","LEVANTAMENTO DE CAMPO","Igual à questão 041."
"43","PREFEITURA DE PINHAIS","URBANÍSTICA","EDIFICAÇÕES","MÉDIO","EXISTE A NECESSIDADE DE EQUIPAMENTO, MAS POSSUÍMOS O EQUIPAMENTO","PONDERADO","","","LEVANTAMENTO DE CAMPO","O registro, bem como a identificação dos padrões construtivos, podem ser feitos a partir de levantamento in loco."
"44","IAT","LEGISLAÇÕES","","","","","SIM","","","CONTEUDO"
"45","IAT","AMBIENTAL","","","","","SIM","","",""
"46","IAT","AMBIENTAL","","","","","SIM","","",""
"47","IAT","LEGISLAÇÕES","","","","","SIM","","","CONTEUDO"
"48","IAT","LEGISLAÇÕES","","","","","SIM","","","CONTEUDO"
"49","IAT","LEGISLAÇÕES","","","","","SIM","","","CONTEUDO"
"50","IAT","SOCIAL","","","","","","","",""
"51","IAT","AMBIENTAL","APP","DIFÍCIL","","PONDERADO","SIM","","","Análise de risco geológico"
"52","IAT","AMBIENTAL","BIÓTICO","MÉDIO","","LONGO","SIM","","",""
"53","IAT","AMBIENTAL","DEGRADAÇÃO/RECUPERAÇÃO AMBIENTAL","MÉDIO","","PONDERADO","SIM","","",""
"54","IAT","AMBIENTAL","DEGRADAÇÃO/RECUPERAÇÃO AMBIENTAL","MÉDIO","EXISTE A NECESSIDADE DE EQUIPAMENTO E NÃO POSSUÍMOS O EQUIPAMENTO","LONGO","SIM","","",""
"55","IAT","AMBIENTAL","APA, APP, NASCENTES ","MÉDIO","","LONGO","SIM","","",""
"56","IAT","AMBIENTAL","","MÉDIO","NÃO HÁ NECESSIDADE DE EQUIPAMENTO","PONDERADO","SIM","","",""
"57","IAT","AMBIENTAL","","MÉDIO","NÃO HÁ NECESSIDADE DE EQUIPAMENTO","PONDERADO","SIM","","",""
"58","IAT","AMBIENTAL","APA","MÉDIO","NÃO HÁ NECESSIDADE DE EQUIPAMENTO","PONDERADO","SIM","","","Semelhante perguntas sobre a sobreposição em APA"
"59","IAT","AMBIENTAL","","FÁCIL","","PONDERADO","SIM","","",""
"60","IAT","AMBIENTAL","","","","","SIM","SERÁ CONTEMPLADA EM OUTRAS QUESTÕES","",""
"61","IAT","AMBIENTAL","","MÉDIO","","PONDERADO","SIM","","",""
"62","IAT","AMBIENTAL","","MÉDIO","","LONGO","SIM","","",""
"63","IAT","AMBIENTAL","","MÉDIO","","PONDERADO","SIM","","",""
"64","IAT","AMBIENTAL","MANANCIAIS","MÉDIO","","PONDERADO","DEPENDE DE FATORES EXTERNOS","","",""
"65","IAT","AMBIENTAL","","MÉDIO","","PONDERADO","SIM","","",""
"66","IAT","AMBIENTAL","","FÁCIL","","BREVE","SIM","","",""
"67","IAT","SOCIAL","","","","","","","",""
"68","IAT","SOCIAL","","","","","","","",""
"69","IAT","SOCIAL","","","","","","","",""
"70","IAT","SOCIAL","","","","","","","",""
"71","IAT","SOCIAL","","","","","","","",""
"72","SANEPAR","LEGISLAÇÕES","","","","","SIM","","","CONTEUDO"
"73","SANEPAR","AMBIENTAL","APP","MÉDIO","EXISTE A NECESSIDADE DE EQUIPAMENTO E NÃO POSSUÍMOS O EQUIPAMENTO","PONDERADO","SIM","","","Índice de Impacto Ambiental de Nascentes (IIAN) - necessidade de envio de amostras para análise laboratorial."
"74","SANEPAR","AMBIENTAL","APP","FÁCIL","NÃO HÁ NECESSIDADE DE EQUIPAMENTO","BREVE","SIM","","","Observação in loco."
"75","SANEPAR","URBANÍSTICA","APA","MÉDIO","","PONDERADO","SIM","","","Semelhante a 022. Ambiental e fundiário."
"76","SANEPAR","AMBIENTAL","DEGRADAÇÃO/RECUPERAÇÃO AMBIENTAL","","","","SIM","","",""
"77","SANEPAR","AMBIENTAL","BIÓTICO","MÉDIO","NÃO HÁ NECESSIDADE DE EQUIPAMENTO","PONDERADO","SIM","","",""
"78","SANEPAR","AMBIENTAL","DEGRADAÇÃO/RECUPERAÇÃO AMBIENTAL","MÉDIO","","LONGO","SIM","","",""
"79","SANEPAR","AMBIENTAL","DEGRADAÇÃO/RECUPERAÇÃO AMBIENTAL","MÉDIO","","PONDERADO","SIM","","",""
"80","SANEPAR","AMBIENTAL","DEGRADAÇÃO/RECUPERAÇÃO AMBIENTAL","DIFÍCIL","","PONDERADO","SIM","","",""
"81","DOCUMENTO - PREFEITURA PINHAIS","AMBIENTAL","NASCENTE","","","","SIM","","",""
"82","DOCUMENTO - PREFEITURA PINHAIS","AMBIENTAL","Metodologia para Identificação de nascentes","","","","SIM","","",""
"83","DOCUMENTO - PREFEITURA PINHAIS","AMBIENTAL","Metodologia para Identificação de nascentes","","","","SIM","","",""
"84","DOCUMENTO - PREFEITURA PINHAIS","AMBIENTAL","Metodologia para Identificação de nascentes","","","","NÃO ","SERÁ UTILIZADO OUTRO METODO PARA A CONFIRMAÇÃO DA PRESENÇA DE NASCENTES - DEVIDO FALTA DE EQUIPAMENTO - VIDE QUESTÃO 092","",""
"85","DOCUMENTO - PREFEITURA PINHAIS","AMBIENTAL","Metodologia para Identificação de nascentes","","","","NÃO ","SERÁ UTILIZADO OUTRO METODO PARA A CONFIRMAÇÃO DA PRESENÇA DE NASCENTES - DEVIDO FALTA DE EQUIPAMENTO - VIDE QUESTÃO 092","",""
"86","DOCUMENTO - PREFEITURA PINHAIS","AMBIENTAL","Metodologia para Identificação de nascentes","MÉDIO","EXISTE A NECESSIDADE DE EQUIPAMENTO E NÃO POSSUÍMOS O EQUIPAMENTO","LONGO","SIM","","",""
"87","DOCUMENTO - PREFEITURA PINHAIS","AMBIENTAL","Metodologia para Identificação de nascentes","","","","NÃO ","","",""
"88","DOCUMENTO - PREFEITURA PINHAIS","AMBIENTAL","Metodologia para Identificação de nascentes","MÉDIO","","LONGO","SIM","SERÁ UTILIZADO OUTRO METODO PARA A CONFIRMAÇÃO DA PRESENÇA DE NASCENTES - DEVIDO FALTA DE EQUIPAMENTO - VIDE QUESTÃO 092","",""
"89","DOCUMENTO - PREFEITURA PINHAIS","AMBIENTAL","Metodologia para Identificação de nascentes","","","","NÃO ","IMPERTINENTE AO ESCOPO DA PERÍCIA","",""
"90","DOCUMENTO - PREFEITURA PINHAIS","AMBIENTAL","Metodologia para Identificação de nascentes","","","","SIM","","",""
"91","DOCUMENTO - PREFEITURA PINHAIS","AMBIENTAL","Metodologia para Identificação de nascentes","","","","SIM","","",""
"92","DOCUMENTO - PREFEITURA PINHAIS","AMBIENTAL","Metodologia para Identificação de nascentes","MÉDIO","","LONGO","SIM","","",""
"93","DOCUMENTO - PREFEITURA PINHAIS","AMBIENTAL","Metodologia para Identificação de nascentes","MÉDIO","NÃO HÁ NECESSIDADE DE EQUIPAMENTO","PONDERADO","SIM","","",""
"94","DOCUMENTO - PREFEITURA PINHAIS","AMBIENTAL","Metodologia para Identificação de nascentes","","","","DEPENDE DE FATORES EXTERNOS","A DEPENDER DA DISPONIBILIDADE DO BANCO DE DADOS NA ESCALA TEMPORAL E ESPACIAL","",""
"95","DOCUMENTO - PREFEITURA PINHAIS","AMBIENTAL","Metodologia para Identificação de nascentes","","","","SIM","SERÁ UTILIZADO OUTRO METODO PARA A CONFIRMAÇÃO DA PRESENÇA DE NASCENTES - DEVIDO FALTA DE EQUIPAMENTO - VIDE QUESTÃO 092","",""
"96","DOCUMENTO - PREFEITURA PINHAIS","AMBIENTAL","DEGRADAÇÃO/RECUPERAÇÃO AMBIENTAL","","","","","","",""
"97","DOCUMENTO - PREFEITURA PINHAIS","AMBIENTAL","Metodologia para Identificação de nascentes","","","","NÃO ","IMPERTINENTE AO ESCOPO DA PERÍCIA NA ESCALA SUGERIDA","",""
"98","DOCUMENTO - PREFEITURA PINHAIS","AMBIENTAL","Metodologia para Identificação de nascentes","","","","NÃO ","","",""
"99","DOCUMENTO - PREFEITURA PINHAIS","AMBIENTAL","Metodologia para Identificação de nascentes","","","","NÃO ","SERÁ UTILIZADO OUTRO METODO PARA A CONFIRMAÇÃO DA PRESENÇA DE NASCENTES - DEVIDO FALTA DE EQUIPAMENTO - VIDE QUESTÃO 092","",""
"100","DOCUMENTO - PREFEITURA PINHAIS","AMBIENTAL","Metodologia para Identificação de nascentes","","","","NÃO ","","",""
"101","DOCUMENTO - PREFEITURA PINHAIS","LEGISLAÇÕES","Relacionamento com Normativas Ambientais","","","","SIM","Caso 5: Conteúdo do laudo pericial","",""
"102","DOCUMENTO - PREFEITURA PINHAIS","LEGISLAÇÕES","Relacionamento com Normativas Ambientais","","","","NÃO ","Caso 1: Como se dará a consulta às normativas específicas em relações aos usos da comunidade?","",""
"103","DOCUMENTO - PREFEITURA PINHAIS","AMBIENTAL","Metodologia para Identificação de nascentes","","","","SIM","","",""
"104","DOCUMENTO - PREFEITURA PINHAIS","AMBIENTAL","Metodologia para Identificação de nascentes","MÉDIO","","PONDERADO","SIM","","",""
"105","DOCUMENTO - PREFEITURA PINHAIS","AMBIENTAL","Metodologia para Identificação de nascentes","DIFÍCIL","EXISTE A NECESSIDADE DE EQUIPAMENTO E NÃO POSSUÍMOS O EQUIPAMENTO","LONGO","SIM","SERÁ UTILIZADO OUTRO METODO PARA A CONFIRMAÇÃO DA PRESENÇA DE NASCENTES - DEVIDO FALTA DE EQUIPAMENTO - VIDE QUESTÃO 092","",""
"106","DOCUMENTO - PREFEITURA PINHAIS","AMBIENTAL","Metodologia para Identificação de nascentes","","","","SIM","","",""
"107","DOCUMENTO - PREFEITURA PINHAIS","AMBIENTAL","Critérios Hidrográficos e Hidrológicos","","","","SIM","A DEFINIR PARÂMETROS","",""
"108","DOCUMENTO - PREFEITURA PINHAIS","AMBIENTAL","Critérios Hidrográficos e Hidrológicos","","","","","VIDE 107","",""
"109","DOCUMENTO - PREFEITURA PINHAIS","AMBIENTAL","Critérios Hidrográficos e Hidrológicos","","","","","VIDE 107","",""
"110","DOCUMENTO - PREFEITURA PINHAIS","AMBIENTAL","Critérios Hidrográficos e Hidrológicos","","","","","VIDE 107","",""
"111","DOCUMENTO - PREFEITURA PINHAIS","AMBIENTAL","Técnicas de Levantamento de Campo e Instrumentação","","","","SIM","","",""
"112","DOCUMENTO - PREFEITURA PINHAIS","AMBIENTAL","DEGRADAÇÃO/RECUPERAÇÃO AMBIENTAL","MÉDIO","EXISTE A NECESSIDADE DE EQUIPAMENTO E NÃO POSSUÍMOS O EQUIPAMENTO","PONDERADO","SIM","","",""
"113","DOCUMENTO - PREFEITURA PINHAIS","AMBIENTAL","Critérios Hidrográficos e Hidrológicos","","","","SIM","VIDE 107","",""
"114","DOCUMENTO - PREFEITURA PINHAIS","AMBIENTAL","Critérios Hidrográficos e Hidrológicos","","","","NÃO ","VIDE 107","",""
"115","DOCUMENTO - PREFEITURA PINHAIS","AMBIENTAL","Critérios Hidrográficos e Hidrológicos","","","","SIM","VIDE 107","",""
"116","DOCUMENTO - PREFEITURA PINHAIS","AMBIENTAL","Critérios Hidrográficos e Hidrológicos","MÉDIO","NÃO HÁ NECESSIDADE DE EQUIPAMENTO","PONDERADO","SIM","","",""
"117","DOCUMENTO - PREFEITURA PINHAIS","AMBIENTAL","Critérios Hidrográficos e Hidrológicos","FÁCIL","NÃO HÁ NECESSIDADE DE EQUIPAMENTO","BREVE","SIM","","",""
"118","DOCUMENTO - PREFEITURA PINHAIS","AMBIENTAL","DEGRADAÇÃO/RECUPERAÇÃO AMBIENTAL","","","","SIM","","",""
"119","DOCUMENTO - PREFEITURA PINHAIS","AMBIENTAL","Critérios Hidrográficos e Hidrológicos","","","","SIM","VIDE 107","",""
"120","DOCUMENTO - PREFEITURA PINHAIS","AMBIENTAL","Critérios Hidrográficos e Hidrológicos","","","","SIM","VIDE 107","",""
"121","DOCUMENTO - PREFEITURA PINHAIS","AMBIENTAL","Critérios Hidrográficos e Hidrológicos","","","","SIM","VIDE 107","",""
"122","DOCUMENTO - PREFEITURA PINHAIS","AMBIENTAL","DEGRADAÇÃO/RECUPERAÇÃO AMBIENTAL","","","","SIM","","",""
"123","DOCUMENTO - PREFEITURA PINHAIS","AMBIENTAL","DEGRADAÇÃO/RECUPERAÇÃO AMBIENTAL","","","","SIM","","",""
"124","DOCUMENTO - PREFEITURA PINHAIS","AMBIENTAL","DEGRADAÇÃO/RECUPERAÇÃO AMBIENTAL","","","","SIM","","",""
"125","DOCUMENTO - PREFEITURA PINHAIS","AMBIENTAL","Critérios Hidrográficos e Hidrológicos","MÉDIO","","","DEPENDE DE FATORES EXTERNOS","","",""
"126","DOCUMENTO - PREFEITURA PINHAIS","AMBIENTAL","Critérios Hidrográficos e Hidrológicos","DIFÍCIL","","","DEPENDE DE FATORES EXTERNOS","","",""
"127","DOCUMENTO - PREFEITURA PINHAIS","AMBIENTAL","Critérios Hidrográficos e Hidrológicos","","","","DEPENDE DE FATORES EXTERNOS","","",""
"128","DOCUMENTO - PREFEITURA PINHAIS","AMBIENTAL","Critérios Hidrográficos e Hidrológicos","","","","NÃO ","","",""
"129","DOCUMENTO - PREFEITURA PINHAIS","AMBIENTAL","Critérios Hidrográficos e Hidrológicos","","","","NÃO ","","",""
"130","DOCUMENTO - PREFEITURA PINHAIS","LEGISLAÇÕES","Conformidade com Normativas e Documentação Técnica","","","","SIM","Caso 5: Conteúdo do laudo pericial","",""
"131","DOCUMENTO - PREFEITURA PINHAIS","LEGISLAÇÕES","Conformidade com Normativas e Documentação Técnica","","","","SIM","Caso 1: Como se dará a consulta às normativas específicas em relações aos usos da comunidade?","",""
"132","DOCUMENTO - PREFEITURA PINHAIS","LEGISLAÇÕES|CARTOGRAFIA","Conformidade com Normativas e Documentação Técnica","","","","SIM","Caso 2: Como será a apresentação dos dados/referências no laudo pericial? Qual a estrutura do laudo pericial?","",""
"133","DOCUMENTO - PREFEITURA PINHAIS","AMBIENTAL","Critérios de Cobertura Vegetal e Densidade","","","","SIM","CONFORME INDICAÇÃO SOS MATA ATLÂNTICA","",""
"134","DOCUMENTO - PREFEITURA PINHAIS","LEGISLAÇÕES","Metodologia de Identificação e Delimitação","","","","SIM","Caso 1: Como se dará a consulta às normativas específicas em relações aos usos da comunidade?","",""
"135","DOCUMENTO - PREFEITURA PINHAIS","AMBIENTAL","Critérios de Cobertura Vegetal e Densidade","","","","SIM","VIDE 133","",""
"136","DOCUMENTO - PREFEITURA PINHAIS","AMBIENTAL","Critérios de Cobertura Vegetal e Densidade","","","","SIM","CONFORME INDICAÇÃO SOS MATA ATLÂNTICA E REVISÃO BIBLIOGRÁFICA","",""
"137","DOCUMENTO - PREFEITURA PINHAIS","AMBIENTAL","Critérios de Cobertura Vegetal e Densidade","","","","SIM","","",""
"138","DOCUMENTO - PREFEITURA PINHAIS","AMBIENTAL","Critérios de Cobertura Vegetal e Densidade","","","","SIM","","",""
"139","DOCUMENTO - PREFEITURA PINHAIS","AMBIENTAL","Técnicas de Sensoriamento Remoto e Geoprocessamento","","","","NÃO ","","",""
"140","DOCUMENTO - PREFEITURA PINHAIS","AMBIENTAL","Identificação da Composição e Estrutura da Vegetação","MÉDIO","NÃO HÁ NECESSIDADE DE EQUIPAMENTO","","SIM","SERÃO RESPONDIDAS ATRAVÉS DAS PERGUNTAS DE OUTROS ÓRGÃOS","",""
"141","DOCUMENTO - PREFEITURA PINHAIS","AMBIENTAL","Identificação da Composição e Estrutura da Vegetação","MÉDIO","NÃO HÁ NECESSIDADE DE EQUIPAMENTO","","SIM","SERÃO RESPONDIDAS ATRAVÉS DAS PERGUNTAS DE OUTROS ÓRGÃOS","",""
"142","DOCUMENTO - PREFEITURA PINHAIS","AMBIENTAL","Identificação da Composição e Estrutura da Vegetação","MÉDIO","NÃO HÁ NECESSIDADE DE EQUIPAMENTO","","SIM","SERÃO RESPONDIDAS ATRAVÉS DAS PERGUNTAS DE OUTROS ÓRGÃOS","",""
"143","DOCUMENTO - PREFEITURA PINHAIS","AMBIENTAL","DEGRADAÇÃO/RECUPERAÇÃO AMBIENTAL","MÉDIO","","","SIM","SERÃO RESPONDIDAS ATRAVÉS DAS PERGUNTAS DE OUTROS ÓRGÃOS","",""
"144","DOCUMENTO - PREFEITURA PINHAIS","AMBIENTAL","DEGRADAÇÃO/RECUPERAÇÃO AMBIENTAL","","","","NÃO ","","",""
"145","DOCUMENTO - PREFEITURA PINHAIS","AMBIENTAL","DEGRADAÇÃO/RECUPERAÇÃO AMBIENTAL","","","","SIM","","",""
"146","DOCUMENTO - PREFEITURA PINHAIS","AMBIENTAL","Critérios de Cobertura Vegetal e Densidade","MÉDIO","NÃO HÁ NECESSIDADE DE EQUIPAMENTO","BREVE","SIM","","",""
"147","DOCUMENTO - PREFEITURA PINHAIS","AMBIENTAL","Classificação e Caracterização Ecológica","","","","NÃO ","IMPERTINENTE PARA A ESCALA SUGERIDA","",""
"148","DOCUMENTO - PREFEITURA PINHAIS","AMBIENTAL","Classificação e Caracterização Ecológica","","","","SIM","","","Semelhante pergunta 190"
"149","DOCUMENTO - PREFEITURA PINHAIS","AMBIENTAL","Técnicas de Levantamento de Campo","MÉDIO","NÃO HÁ NECESSIDADE DE EQUIPAMENTO","LONGO","SIM","","",""
"150","DOCUMENTO - PREFEITURA PINHAIS","AMBIENTAL","Técnicas de Levantamento de Campo","FÁCIL","EXISTE A NECESSIDADE DE EQUIPAMENTO E NÃO POSSUÍMOS O EQUIPAMENTO","LONGO","SIM","","",""
"151","DOCUMENTO - PREFEITURA PINHAIS","AMBIENTAL","Técnicas de Levantamento de Campo","","","","SIM","","",""
"152","DOCUMENTO - PREFEITURA PINHAIS","AMBIENTAL","Critérios de Cobertura Vegetal e Densidade","FÁCIL","NÃO HÁ NECESSIDADE DE EQUIPAMENTO","BREVE","NÃO ","","","Revisão bibliográfica"
"153","DOCUMENTO - PREFEITURA PINHAIS","AMBIENTAL","Critérios de Cobertura Vegetal e Densidade","","","","NÃO ","IMPERTINENTE PARA A PERÍCIA","",""
"154","DOCUMENTO - PREFEITURA PINHAIS","AMBIENTAL","Critérios de Cobertura Vegetal e Densidade","","","","NÃO ","IMPERTINENTE PARA A PERÍCIA","",""
"155","DOCUMENTO - PREFEITURA PINHAIS","LEGISLAÇÕES","Relação com Áreas de Preservação Permanente (APP) e Legislação Ambiental","","","","SIM","Caso 3: Maciços florestais","",""
"156","DOCUMENTO - PREFEITURA PINHAIS","AMBIENTAL","APP","MÉDIO","NÃO HÁ NECESSIDADE DE EQUIPAMENTO","PONDERADO","SIM","SOBREPÕE A QUESTIONAMENTOS DE OUTROS ÓRGÃOS","",""
"157","DOCUMENTO - PREFEITURA PINHAIS","LEGISLAÇÕES","Relação com Áreas de Preservação Permanente (APP) e Legislação Ambiental","","","","SIM","Caso 3: Maciços florestais","",""
"158","DOCUMENTO - PREFEITURA PINHAIS","AMBIENTAL","Critérios de Cobertura Vegetal e Densidade","MÉDIO","NÃO HÁ NECESSIDADE DE EQUIPAMENTO","LONGO","SIM","","",""
"159","DOCUMENTO - PREFEITURA PINHAIS","AMBIENTAL","Critérios de Cobertura Vegetal e Densidade","MÉDIO","NÃO HÁ NECESSIDADE DE EQUIPAMENTO","PONDERADO","SIM","","",""
"160","DOCUMENTO - PREFEITURA PINHAIS","AMBIENTAL","Critérios de Cobertura Vegetal e Densidade","FÁCIL","NÃO HÁ NECESSIDADE DE EQUIPAMENTO","BREVE","SIM","","",""
"161","DOCUMENTO - PREFEITURA PINHAIS","AMBIENTAL","Critérios de Cobertura Vegetal e Densidade","","","","SIM","PENSAR CONECTIVIDADE COMO PONTO POSITIVO MANTIDO PELA PRESENÇA DA OCMUNIDADE, DADO PRESSÃO EXTERNA","",""
"162","DOCUMENTO - PREFEITURA PINHAIS","AMBIENTAL","Critérios de Cobertura Vegetal e Densidade","MÉDIO","NÃO HÁ NECESSIDADE DE EQUIPAMENTO","PONDERADO","SIM","PENSAR CONECTIVIDADE COMO PONTO POSITIVO MANTIDO PELA PRESENÇA DA OCMUNIDADE, DADO PRESSÃO EXTERNA","",""
"163","DOCUMENTO - PREFEITURA PINHAIS","AMBIENTAL","Critérios de Cobertura Vegetal e Densidade","","","","SIM","PENSAR CONECTIVIDADE COMO PONTO POSITIVO MANTIDO PELA PRESENÇA DA OCMUNIDADE, DADO PRESSÃO EXTERNA","",""
"164","DOCUMENTO - PREFEITURA PINHAIS","AMBIENTAL","Considerações sobre a Fauna Associada","MÉDIO","EXISTE A NECESSIDADE DE EQUIPAMENTO E NÃO POSSUÍMOS O EQUIPAMENTO","LONGO","SIM","AS DEMAIS QUESTÕES JÁ CONTEMPLAM OS SERVIÇOS","",""
"165","DOCUMENTO - PREFEITURA PINHAIS","AMBIENTAL","Considerações sobre a Fauna Associada","","","","NÃO ","","",""
"166","DOCUMENTO - PREFEITURA PINHAIS","AMBIENTAL","Considerações sobre a Fauna Associada","","","","NÃO ","IMPERTINENTE PARA A PERÍCIA","",""
"167","DOCUMENTO - PREFEITURA PINHAIS","AMBIENTAL","Metodologia Geral de Caracterização do Bioma","MÉDIO","NÃO HÁ NECESSIDADE DE EQUIPAMENTO","PONDERADO","SIM","","",""
"168","DOCUMENTO - PREFEITURA PINHAIS","AMBIENTAL","Metodologia Geral de Caracterização do Bioma","","","","SIM","","",""
"169","DOCUMENTO - PREFEITURA PINHAIS","AMBIENTAL","Metodologia Geral de Caracterização do Bioma","","","","NÃO ","IMPERTINENTE PARA A ESCALA SUGERIDA","",""
"170","DOCUMENTO - PREFEITURA PINHAIS","AMBIENTAL","Identificação dos Componentes Florísticos e Faunísticos","","","","SIM","","",""
"171","DOCUMENTO - PREFEITURA PINHAIS","AMBIENTAL","Identificação dos Componentes Florísticos e Faunísticos","","","","SIM","CONTEMPLADO EM OUTRAS QUESTÕES","",""
"172","DOCUMENTO - PREFEITURA PINHAIS","AMBIENTAL","Estrutura e Dinâmica da Vegetação","","","","SIM","CONTEMPLADO EM OUTRAS QUESTÕES","",""
"173","DOCUMENTO - PREFEITURA PINHAIS","AMBIENTAL","Estrutura e Dinâmica da Vegetação","","","","SIM","CONTEMPLADO EM OUTRAS QUESTÕES","",""
"174","DOCUMENTO - PREFEITURA PINHAIS","AMBIENTAL","Estrutura e Dinâmica da Vegetação","","","","SIM","CONTEMPLADO EM OUTRAS QUESTÕES","",""
"175","DOCUMENTO - PREFEITURA PINHAIS","AMBIENTAL","Identificação de Indicadores Ecológicos","MÉDIO","","PONDERADO","SIM","","",""
"176","DOCUMENTO - PREFEITURA PINHAIS","AMBIENTAL","Identificação de Indicadores Ecológicos","","","","NÃO ","FORA DO ESCOPO DA PERÍCIA E ESCALA","",""
"177","DOCUMENTO - PREFEITURA PINHAIS","AMBIENTAL","Identificação de Indicadores Ecológicos","","","","NÃO ","","",""
"178","DOCUMENTO - PREFEITURA PINHAIS","AMBIENTAL","Análise de Estrutura Tópica e Fatores Geoclimáticos","FÁCIL","NÃO HÁ NECESSIDADE DE EQUIPAMENTO","BREVE","SIM","","",""
"179","DOCUMENTO - PREFEITURA PINHAIS","AMBIENTAL","Análise de Estrutura Tópica e Fatores Geoclimáticos","","","","NÃO ","IMPERTINENTE PARA A ESCALA","",""
"180","DOCUMENTO - PREFEITURA PINHAIS","AMBIENTAL","Análise de Estrutura Tópica e Fatores Geoclimáticos","","","","NÃO ","IMPERTINENTE PARA A ESCALA","",""
"181","DOCUMENTO - PREFEITURA PINHAIS","AMBIENTAL","Relações Ecológicas e Cadeias Alimentares","","","","NÃO ","FORA DO ESCOPO DA PERÍCIA","",""
"182","DOCUMENTO - PREFEITURA PINHAIS","AMBIENTAL","Relações Ecológicas e Cadeias Alimentares","","","","NÃO ","FORA DO ESCOPO DA PERÍCIA","",""
"183","DOCUMENTO - PREFEITURA PINHAIS","AMBIENTAL","Relações Ecológicas e Cadeias Alimentares","","","","NÃO ","IMPERTINENTE PARA  ESCALA","",""
"184","DOCUMENTO - PREFEITURA PINHAIS","AMBIENTAL","Estado de Conservação e Integridade Ecológica","","","","NÃO ","IMPERTINENTE PARA A ESCALA","",""
"185","DOCUMENTO - PREFEITURA PINHAIS","AMBIENTAL","Estado de Conservação e Integridade Ecológica","","","","SIM","","",""
"186","DOCUMENTO - PREFEITURA PINHAIS","AMBIENTAL","Estado de Conservação e Integridade Ecológica","","","","SIM","","",""
"187","DOCUMENTO - PREFEITURA PINHAIS","AMBIENTAL","Identificação de Espécies Endêmicas e Ameaçadas","","","","SIM","","",""
"188","DOCUMENTO - PREFEITURA PINHAIS","AMBIENTAL","Identificação de Espécies Endêmicas e Ameaçadas","","","","NÃO ","FORA DO ESCOPO DA PERÍCIA","",""
"189","DOCUMENTO - PREFEITURA PINHAIS","AMBIENTAL","Identificação de Espécies Endêmicas e Ameaçadas","","","","SIM","","",""
"190","DOCUMENTO - PREFEITURA PINHAIS","AMBIENTAL","Avaliação dos Serviços Ecossistêmicos","","","","NÃO ","FORA DA ESCALA","",""
"191","DOCUMENTO - PREFEITURA PINHAIS","AMBIENTAL","Avaliação dos Serviços Ecossistêmicos","MÉDIO","NÃO HÁ NECESSIDADE DE EQUIPAMENTO","PONDERADO","SIM","","","Entrevistas semi-estruturadas e oficinas."
"192","DOCUMENTO - PREFEITURA PINHAIS","AMBIENTAL","Avaliação dos Serviços Ecossistêmicos","","","","NÃO ","FORA DO ESCOPO","",""
"193","DOCUMENTO - PREFEITURA PINHAIS","LEGISLAÇÕES","Conformidade com a Legislação Ambiental e Áreas Protegidas","","","","SIM","Caso 5: Conteúdo do laudo pericial","",""
"194","DOCUMENTO - PREFEITURA PINHAIS","LEGISLAÇÕES","Conformidade com a Legislação Ambiental e Áreas Protegidas","","","","SIM","Caso 5: Conteúdo do laudo pericial","",""
"195","DOCUMENTO - PREFEITURA PINHAIS","AMBIENTAL","Documentação e Relatório Técnico","","","","SIM","","",""
"196","DOCUMENTO - PREFEITURA PINHAIS","AMBIENTAL","Documentação e Relatório Técnico","","","","NÃO ","VIDE 195","",""
"197","DOCUMENTO - PREFEITURA PINHAIS","AMBIENTAL","Documentação e Relatório Técnico","","","","NÃO ","FORA DO ESCOPO","",""
"198","DOCUMENTO - PREFEITURA PINHAIS","AMBIENTAL","Modelagem Ecológica e Prognósticos","","","","NÃO ","","",""
"199","DOCUMENTO - PREFEITURA PINHAIS","AMBIENTAL","Modelagem Ecológica e Prognósticos","","","","NÃO ","","",""
"200","DOCUMENTO - PREFEITURA PINHAIS","AMBIENTAL","Modelagem Ecológica e Prognósticos","","","","NÃO ","","",""
"201","DOCUMENTO - PREFEITURA PINHAIS","SOCIAL","Impactos Antrópicos e Avaliação de Riscos","","","","","","",""
"202","DOCUMENTO - PREFEITURA PINHAIS","SOCIAL","Impactos Antrópicos e Avaliação de Riscos","","","","","","",""
"203","DOCUMENTO - PREFEITURA PINHAIS","AMBIENTAL","Impactos Antrópicos e Avaliação de Riscos","","","","NÃO ","FORA DO ESCOPO","",""
"204","DOCUMENTO - PREFEITURA PINHAIS","AMBIENTAL","Metodologia para Identificação das APPs","MÉDIO","NÃO HÁ NECESSIDADE DE EQUIPAMENTO","PONDERADO","SIM","","",""
"205","DOCUMENTO - PREFEITURA PINHAIS","LEGISLAÇÕES","Metodologia para Identificação das APPs","","","","SIM","Caso 1: Como se dará a consulta às normativas específicas em relações aos usos da comunidade?","",""
"206","DOCUMENTO - PREFEITURA PINHAIS","AMBIENTAL","Delimitação de APPs em Margens de Cursos d'Água","FÁCIL","NÃO HÁ NECESSIDADE DE EQUIPAMENTO","PONDERADO","SIM","","",""
"207","DOCUMENTO - PREFEITURA PINHAIS","LEGISLAÇÕES","Delimitação de APPs em Margens de Cursos d'Água","","","","SIM","Caso 5: Conteúdo do laudo pericial","",""
"208","DOCUMENTO - PREFEITURA PINHAIS","","Delimitação de APPs em Margens de Cursos d'Água","","","","","","",""
"209","DOCUMENTO - PREFEITURA PINHAIS","","Delimitação de APPs em Margens de Cursos d'Água","","","","","","",""
"210","DOCUMENTO - PREFEITURA PINHAIS","AMBIENTAL","Delimitação de APPs no Entorno de Nascentes e Olhos d'Água","MÉDIO","NÃO HÁ NECESSIDADE DE EQUIPAMENTO","PONDERADO","SIM","","",""
"211","DOCUMENTO - PREFEITURA PINHAIS","AMBIENTAL","Delimitação de APPs no Entorno de Nascentes e Olhos d'Água","","","","SIM","","",""
"212","DOCUMENTO - PREFEITURA PINHAIS","AMBIENTAL","Delimitação de APPs no Entorno de Nascentes e Olhos d'Água","","","","DEPENDE DE FATORES EXTERNOS","","",""
"213","DOCUMENTO - PREFEITURA PINHAIS","AMBIENTAL","Técnicas de Sensoriamento Remoto e Geoprocessamento","","","","SIM","","",""
"214","DOCUMENTO - PREFEITURA PINHAIS","AMBIENTAL","Técnicas de Sensoriamento Remoto e Geoprocessamento","","","","SIM","","",""
"215","DOCUMENTO - PREFEITURA PINHAIS","AMBIENTAL","Técnicas de Sensoriamento Remoto e Geoprocessamento","","","","SIM","","",""
"216","DOCUMENTO - PREFEITURA PINHAIS","LEGISLAÇÕES","Conformidade com a Legislação Ambiental","","","","SIM","Caso 5: Conteúdo do laudo pericial","",""
"217","DOCUMENTO - PREFEITURA PINHAIS","LEGISLAÇÕES","Conformidade com a Legislação Ambiental","","","","SIM","Caso 1: Como se dará a consulta às normativas específicas em relações aos usos da comunidade?","",""
"218","DOCUMENTO - PREFEITURA PINHAIS","AMBIENTAL","Documentação e mapeamento das APPs","","","","SIM","","",""
"219","DOCUMENTO - PREFEITURA PINHAIS","AMBIENTAL","Documentação e mapeamento das APPs","","","","SIM","","",""
"220","DOCUMENTO - PREFEITURA PINHAIS","AMBIENTAL","Documentação e mapeamento das APPs","","","","SIM","","",""
"221","DOCUMENTO - PREFEITURA PINHAIS","AMBIENTAL","Avaliação da Integridade e Estado de Conservação das APPs","MÉDIO","","PONDERADO","SIM","","",""
"222","DOCUMENTO - PREFEITURA PINHAIS","AMBIENTAL","Avaliação da Integridade e Estado de Conservação das APPs","DIFÍCIL","EXISTE A NECESSIDADE DE EQUIPAMENTO E NÃO POSSUÍMOS O EQUIPAMENTO","LONGO","SIM","","","Avaliação fitosociológica."
"223","DOCUMENTO - PREFEITURA PINHAIS","AMBIENTAL","Avaliação da Integridade e Estado de Conservação das APPs","MÉDIO","NÃO HÁ NECESSIDADE DE EQUIPAMENTO","PONDERADO","SIM","SIM, PODEMOS RESPONDER, MAS FORA DO ESCOPO PROPOR MEDIDAS","","Observação in loco e educação ambiental."
"224","DOCUMENTO - PREFEITURA PINHAIS","URBANÍSTICA","Impacto de Infraestruturas e Ocupação Humana nas APPs","DIFÍCIL","NÃO HÁ NECESSIDADE DE EQUIPAMENTO","PONDERADO","DEPENDE DE FATORES EXTERNOS","","FONTE SECUNDÁRIAS EM DOCUMENTOS E PÁGINAS OFICIAIS","Com base em um levantamento das infraestruturas coincidentes com APPs, que pode ser feito através da combinação de imagens aéreas e outros dados georreferenciados, poderiam ser analisados os impactos causados a partir de um conjunto de critérios (redução da cobertura vegetal, impermeabilização do solo...). Só então podem ser pensadas medidas de recuperação ou compensação, caso necessárias - entretanto, cabe a reflexão sobre a perícia incluir conteúdos "propositivos"."
"225","DOCUMENTO - PREFEITURA PINHAIS","AMBIENTAL","Impacto de Infraestruturas e Ocupação Humana nas APPs","","","","SIM","SIM, PODEMOS RESPONDER, MAS FORA DO ESCOPO PROPOR MEDIDAS","",""
"226","DOCUMENTO - PREFEITURA PINHAIS","AMBIENTAL","Análise dos Serviços Ecossistêmicos Prestados pelas APPs","","","","SIM","CONTEMPLADO EM OUTRAS QUESTÕES","",""
"227","DOCUMENTO - PREFEITURA PINHAIS","AMBIENTAL","Análise dos Serviços Ecossistêmicos Prestados pelas APPs","","","","SIM","CONTEMPLADO EM OUTRAS QUESTÕES","",""
"228","DOCUMENTO - PREFEITURA PINHAIS","AMBIENTAL","Análise dos Serviços Ecossistêmicos Prestados pelas APPs","","","","SIM","","",""
"229","DOCUMENTO - PREFEITURA PINHAIS","AMBIENTAL","Planejamento de Recuperação e Manutenção das APPs","","","","NÃO ","FORA DO ESCOPO PROPOR MEDIDAS","",""
"230","DOCUMENTO - PREFEITURA PINHAIS","AMBIENTAL","Planejamento de Recuperação e Manutenção das APPs","","","","NÃO ","FORA DO ESCOPO PROPOR MEDIDAS","",""
"231","DOCUMENTO - PREFEITURA PINHAIS","AMBIENTAL","Planejamento de Recuperação e Manutenção das APPs","MÉDIO","NÃO HÁ NECESSIDADE DE EQUIPAMENTO","PONDERADO","NÃO ","FORA DO ESCOPO PROPOR MEDIDAS","",""
"232","DOCUMENTO - PREFEITURA PINHAIS","AMBIENTAL","Planejamento de Recuperação e Manutenção das APPs","FÁCIL","NÃO HÁ NECESSIDADE DE EQUIPAMENTO","PONDERADO","NÃO ","FORA DO ESCOPO PROPOR MEDIDAS","","Educação ambiental."
"233","DOCUMENTO - PREFEITURA PINHAIS","CARTOGRAFIA","Documentação e Evidências para Fins Jurídicos","","","","","","",""
"234","DOCUMENTO - PREFEITURA PINHAIS","LEGISLAÇÕES","Documentação e Evidências para Fins Jurídicos","","","","SIM","Caso 2: Como será a apresentação dos dados/referências no laudo pericial? Qual a estrutura do laudo pericial?","",""